keys,en,pl
COMMON_YES,Yes,Tak
COMMON_NO,No,Nie
COMMON_ON,On,Wł.
COMMON_OFF,Off,Wył.
COMMON_BACK,Back,Wstecz
COMMON_OK,OK,OK
COMMON_CANCEL,Cancel,Anuluj
COMMON_CONFIRM,Confirm,Potwierdź
COMMON_APPLY,Apply,Zastosuj
COMMON_CLOSE,Close,Zamknij
COMMON_SAVE,Save,Zapisz
COMMON_LOAD,Load,Wczytaj
COMMON_DELETE,Delete,Usuń
COMMON_RESET,Reset,Przywróć
COMMON_DEFAULT,Default,Domyślne
COMMON_NONE,None,Brak
COMMON_AUTO,Auto,Auto
COMMON_ENABLED,Enabled,Włączone
COMMON_DISABLED,Disabled,Wyłączone
COMMON_UNKNOWN,Unknown,Nieznane
COMMON_EMPTY,Empty,Puste
COMMON_QUALITY_OFF,Off,Wyłączone
COMMON_QUALITY_LOW,Low,Niska
COMMON_QUALITY_MEDIUM,Medium,Średnia
COMMON_QUALITY_HIGH,High,Wysoka
COMMON_QUALITY_ULTRA,Ultra,Ultra
COMMON_PERCENT,%d%%,%d%%
COMMON_UNSAVED_CHANGES,Unsaved changes,Niezapisane zmiany
SETTINGS_TITLE,Settings,Ustawienia
SETTINGS_TAB_VIDEO,Video,Obraz
SETTINGS_TAB_AUDIO,Audio,Dźwięk
SETTINGS_TAB_CONTROLS,Controls,Sterowanie
SETTINGS_TAB_GAME,Game,Gra
SETTINGS_APPLY,Apply,Zastosuj
SETTINGS_RESET,Restore defaults,Przywróć domyślne
SETTINGS_RESET_CONFIRM,Restore all settings to defaults?,Przywrócić wszystkie ustawienia domyślne?
SETTINGS_CLOSE,Close,Zamknij
SETTINGS_VIDEO_RESOLUTION,Resolution,Rozdzielczość
SETTINGS_VIDEO_RESOLUTION_INTEGER_SCALE,integer scale,skala całkowita
SETTINGS_VIDEO_WINDOW_MODE,Window mode,Tryb okna
SETTINGS_VIDEO_WINDOW_MODE_WINDOWED,Windowed,W oknie
SETTINGS_VIDEO_WINDOW_MODE_BORDERLESS,Borderless,Bez ramki
SETTINGS_VIDEO_WINDOW_MODE_FULLSCREEN,Fullscreen,Pełny ekran
SETTINGS_VIDEO_VSYNC,V-Sync,Synchronizacja pionowa
SETTINGS_VIDEO_VSYNC_DISABLED,Disabled,Wyłączona
SETTINGS_VIDEO_VSYNC_ENABLED,Enabled,Włączona
SETTINGS_VIDEO_VSYNC_ADAPTIVE,Adaptive,Adaptacyjna
SETTINGS_VIDEO_VSYNC_MAILBOX,Mailbox,Mailbox
SETTINGS_VIDEO_MAX_FPS,FPS limit,Limit FPS
SETTINGS_VIDEO_MAX_FPS_UNCAPPED,Uncapped,Bez limitu
SETTINGS_VIDEO_MSAA,Anti-aliasing (MSAA),Wygładzanie krawędzi (MSAA)
SETTINGS_VIDEO_MSAA_OFF,Off,Wyłączone
SETTINGS_VIDEO_MSAA_2X,2x,2x
SETTINGS_VIDEO_MSAA_4X,4x,4x
SETTINGS_VIDEO_MSAA_8X,8x,8x
SETTINGS_VIDEO_SHADOW_QUALITY,Shadow quality,Jakość cieni
SETTINGS_VIDEO_SHADOW_QUALITY_OFF,Off,Wyłączone
SETTINGS_VIDEO_SHADOW_QUALITY_LOW,Low,Niska
SETTINGS_VIDEO_SHADOW_QUALITY_MEDIUM,Medium,Średnia
SETTINGS_VIDEO_SHADOW_QUALITY_HIGH,High,Wysoka
SETTINGS_VIDEO_RENDER_SCALE,Render scale,Skala renderowania
SETTINGS_VIDEO_RESTART_REQUIRED,Applies after restart,Działa po ponownym uruchomieniu
SETTINGS_AUDIO_MASTER,Master volume,Głośność główna
SETTINGS_AUDIO_MUSIC,Music volume,Głośność muzyki
SETTINGS_AUDIO_SFX,Effects volume,Głośność efektów
SETTINGS_AUDIO_MUTE,Mute,Wycisz
SETTINGS_AUDIO_TEST,Test sound,Dźwięk testowy
SETTINGS_CONTROLS_ACTION,Action,Akcja
SETTINGS_CONTROLS_BINDING,Binding,Przypisanie
SETTINGS_CONTROLS_REBIND,Rebind,Zmień
SETTINGS_CONTROLS_REBIND_PROMPT,Press a key or button,Naciśnij klawisz lub przycisk
SETTINGS_CONTROLS_REBIND_CANCEL,Escape cancels,Escape anuluje
SETTINGS_CONTROLS_CONFLICT,Already bound to %s,Już przypisane do %s
SETTINGS_CONTROLS_RESET,Restore default bindings,Przywróć domyślne przypisania
SETTINGS_CONTROLS_UNBOUND,Unbound,Nieprzypisane
SETTINGS_CONTROLS_DEVICE_KEYBOARD,Keyboard,Klawiatura
SETTINGS_CONTROLS_DEVICE_GAMEPAD,Gamepad,Kontroler
SETTINGS_GAME_LANGUAGE,Language,Język
SETTINGS_GAME_LANGUAGE_EN,English,English
SETTINGS_GAME_LANGUAGE_PL,Polski,Polski
ACTION_MOVE_UP,Move up,Ruch w górę
ACTION_MOVE_DOWN,Move down,Ruch w dół
ACTION_MOVE_LEFT,Move left,Ruch w lewo
ACTION_MOVE_RIGHT,Move right,Ruch w prawo
ACTION_MOVE_UP_LEFT,Move up-left,Ruch w górę-lewo
ACTION_MOVE_UP_RIGHT,Move up-right,Ruch w górę-prawo
ACTION_MOVE_DOWN_LEFT,Move down-left,Ruch w dół-lewo
ACTION_MOVE_DOWN_RIGHT,Move down-right,Ruch w dół-prawo
ACTION_INTERACT,Interact,Interakcja
ACTION_WAIT,Wait,Czekaj
ACTION_CAMERA_ROTATE_LEFT,Rotate camera left,Obrót kamery w lewo
ACTION_CAMERA_ROTATE_RIGHT,Rotate camera right,Obrót kamery w prawo
ACTION_CAMERA_ZOOM_IN,Zoom in,Przybliżenie
ACTION_CAMERA_ZOOM_OUT,Zoom out,Oddalenie
ACTION_UI_SETTINGS,Open settings,Otwórz ustawienia
LOADING_LABEL,Loading,Wczytywanie
LOADING_PROGRESS,%d%%,%d%%
LOADING_SCENE,Loading %s,Wczytywanie %s
LOADING_FAILED,Failed to load %s,Nie udało się wczytać %s
LOADING_CANCELLED,Load cancelled,Wczytywanie przerwane
HUD_HEALTH,Health,Zdrowie
HUD_STAMINA,Stamina,Wytrzymałość
HUD_INTERACT_PROMPT,%s Interact,%s Interakcja
HUD_WAIT_PROMPT,%s Wait,%s Czekaj
HUD_SETTINGS_PROMPT,%s Settings,%s Ustawienia
HUD_FPS,FPS %d,FPS %d
HUD_POSITION,X %d Y %d Z %d,X %d Y %d Z %d
HUD_LEVEL,Level %s,Poziom %s
HUD_TURN,Turn %d,Tura %d
HUD_PAUSED,Paused,Pauza
HUD_SAVING,Saving,Zapisywanie
HUD_SAVED,Saved,Zapisano
HUD_SAVE_FAILED,Save failed: %s,Zapis nieudany: %s
HUD_AUTOSAVE,Autosave,Autozapis
SAVE_SLOT,Slot %d,Slot %d
SAVE_SLOT_EMPTY,Empty slot,Pusty slot
SAVE_SLOT_INFO,%s - %s,%s - %s
SAVE_DELETE_CONFIRM,Delete save in slot %d?,Usunąć zapis w slocie %d?
SAVE_VERSION_TOO_NEW,Save was made by a newer version,Zapis pochodzi z nowszej wersji
SETTINGS_ACTION_MOVE_UP,Move up,Ruch w gore
SETTINGS_ACTION_MOVE_DOWN,Move down,Ruch w dol
SETTINGS_ACTION_MOVE_LEFT,Move left,Ruch w lewo
SETTINGS_ACTION_MOVE_RIGHT,Move right,Ruch w prawo
SETTINGS_ACTION_MOVE_UP_LEFT,Move up-left,Ruch w gore-lewo
SETTINGS_ACTION_MOVE_UP_RIGHT,Move up-right,Ruch w gore-prawo
SETTINGS_ACTION_MOVE_DOWN_LEFT,Move down-left,Ruch w dol-lewo
SETTINGS_ACTION_MOVE_DOWN_RIGHT,Move down-right,Ruch w dol-prawo
SETTINGS_ACTION_INTERACT,Interact,Interakcja
SETTINGS_ACTION_WAIT,Wait,Czekaj
SETTINGS_ACTION_CAMERA_ROTATE_LEFT,Rotate camera left,Obrot kamery w lewo
SETTINGS_ACTION_CAMERA_ROTATE_RIGHT,Rotate camera right,Obrot kamery w prawo
SETTINGS_ACTION_CAMERA_ZOOM_IN,Zoom in,Przyblizenie
SETTINGS_ACTION_CAMERA_ZOOM_OUT,Zoom out,Oddalenie
SETTINGS_CONTROLS_PRESS_KEY,Press a key...,Nacisnij klawisz...
SETTINGS_CONTROLS_UNAVAILABLE,No rebindable actions,Brak akcji do przypisania
SETTINGS_UNSAVED,You have unsaved changes,Masz niezapisane zmiany
SETTINGS_VIDEO_INTEGER_SCALE_HINT,Marked resolutions are whole-number multiples of the 640x360 pixel-art target.,Oznaczone rozdzielczosci sa calkowita wielokrotnoscia bazy pixel-art 640x360.
SETTINGS_VIDEO_INTEGER_SCALE_SUFFIX,(%dx),(%dx)
SETTINGS_VIDEO_SHADOW_OFF,Off,Wylaczone
SETTINGS_VIDEO_SHADOW_LOW,Low,Niska
SETTINGS_VIDEO_SHADOW_MEDIUM,Medium,Srednia
SETTINGS_VIDEO_SHADOW_HIGH,High,Wysoka
SETTINGS_ACTION_CAMERA_ORBIT,Orbit camera,Obrot kamery (mysz)
SETTINGS_SECTION_DISPLAY,DISPLAY,EKRAN
SETTINGS_SECTION_QUALITY,QUALITY,JAKOSC
SETTINGS_SECTION_CRT,CRT,CRT
SETTINGS_SECTION_COLOR,COLOR,KOLOR
SETTINGS_VIDEO_SHARPEN,Sharpening,Wyostrzanie
SETTINGS_VIDEO_SSAO,Ambient occlusion,Okluzja otoczenia
SETTINGS_VIDEO_BLOOM,Bloom,Poswiata
SETTINGS_VIDEO_BLOOM_STRENGTH,Bloom strength,Sila poswiaty
SETTINGS_VIDEO_FOG,Fog,Mgla
SETTINGS_VIDEO_CRT_ENABLED,CRT effect,Efekt CRT
SETTINGS_VIDEO_CRT_SCANLINES,Scanlines,Linie skanowania
SETTINGS_VIDEO_CRT_ABERRATION,Chromatic aberration,Aberracja chromatyczna
SETTINGS_VIDEO_CRT_VIGNETTE,Vignette,Winieta
SETTINGS_VIDEO_CRT_MASK,Aperture mask,Maska aperturowa
SETTINGS_VIDEO_CRT_FLICKER,Flicker,Migotanie
SETTINGS_VIDEO_BRIGHTNESS,Brightness,Jasnosc
SETTINGS_VIDEO_CONTRAST,Contrast,Kontrast
SETTINGS_VIDEO_SATURATION,Saturation,Nasycenie
SETTINGS_STATUS_HINT,ESC: close   ENTER: apply,ESC: zamknij   ENTER: zastosuj
SETTINGS_STATUS_CLEAN,no changes,brak zmian
SETTINGS_STATUS_MODIFIED,%d changed,zmienionych: %d
TURN_ACTION_UNKNOWN,action,akcja
TURN_ACTION_STEP,step,krok
TURN_ACTION_WAIT,wait,czekanie
TURN_ACTION_CAST,cast,rzucanie
HUD_ACTION_STEP,step,krok
HUD_ACTION_WAIT,wait,czekanie
HUD_ACTION_CAST,cast,rzucanie
HUD_TURN_STATE_WAITING,awaiting input,czekam na ruch
HUD_TURN_STATE_RESOLVING,resolving,wykonuje ruch
HUD_TURN_ACTION_IDLE,idle,bezczynny
HUD_TURN_TICKS_LEFT,%d left,zostało: %d
HUD_TURN_WAIT_BANNER,THE WORLD IS WAITING FOR YOU,ŚWIAT CZEKA NA CIEBIE
ABILITY_JAB,Jab,Szybki cios
ABILITY_JAB_DESC,Cheap. Bleeds. Lets you act again sooner.,Tani. Powoduje krwawienie. Pozwala zadziałać szybciej.
ABILITY_HEAVY,Heavy,Mocny cios
ABILITY_HEAVY_DESC,Winds up: the world acts before it lands. Knocks back.,Nakręca się: świat zdąży zadziałać. Odpycha.
ABILITY_THROW,Throw,Rzut
ABILITY_THROW_DESC,Needs a crate nearby. Hits three cells.,Wymaga skrzyni obok. Trafia trzy pola.
ABILITY_LINE_BLAST,Line Blast,Salwa liniowa
ABILITY_LINE_BLAST_DESC,"Aims where you face. Two-tick cast, then hits everything in a 6-cell line. Cooldown.","Celuje tam, gdzie patrzysz. Rzut 2 tiki, potem trafia wszystko w linii 6 pol. Odnowienie."
HUD_REFUSED_NO_TARGET,no target in range,brak celu w zasięgu
HUD_REFUSED_BUSY,resolving...,świat się rozlicza...
HUD_REFUSED_COOLDOWN,on cooldown,jeszcze sie odnawia
COMBAT_REFUSED_COOLDOWN,cooldown,odnowienie
HUD_REFUSED_NEEDS_OBJECT,nothing to pick up,nie ma czego podnieść
HUD_REFUSED_NO_SLOT,empty slot,pusty slot
HUD_HINT_ARENA,WSAD: move   1-3: attack (auto-targets)   ESC: settings,WSAD: ruch   1-3: atak (sam wybiera cel)   ESC: ustawienia
HUD_SLOT_EMPTY,empty,pusty
HUD_SLOT_COST,%d e / %d dmg,%d e / %d obr.
HUD_SLOT_TAG_WINDUP,windup,nakręcanie
HUD_SLOT_TAG_AREA,area,obszar
HUD_THREAT_CLOSING,%d closing,zbliża się: %d
HUD_THREAT_IN_REACH,%d IN REACH,w zasięgu: %d
HUD_THREAT_CLEAR,clear,czysto
ASPECT_LIFE,Life,Życie
ASPECT_MIND,Mind,Umysł
ASPECT_DEATH,Death,Śmierć
ASPECT_CHAOS,Chaos,Chaos
ASPECT_NATURE,Nature,Natura
KW_GNICIE,Rot,Gnicie
KW_FURIA,Fury,Furia
KW_OSLONA,Ward,Osłona
KW_OPATRZNOSC,Mend,Opatrzność
KW_ZNIWO,Harvest,Żniwo
KW_SPALENIE,Scorch,Spalenie
KW_ECHO,Echo,Echo
KW_BUJNOSC,Bloom,Bujność
KW_WZROST,Growth,Wzrost
KW_SYMBIOZA,Symbiosis,Symbioza
KW_PIJAWKA,Leech,Pijawka
KW_KLATWA,Curse,Klątwa
DECK_STARTER,Starter deck,Talia startowa
DECK_REWARD_POOL,Reward pool,Pula nagród
HAND_HIGH_CARD,High Card,Wysoka karta
HAND_PAIR,Pair,Para
HAND_TWO_PAIR,Two Pair,Dwie pary
HAND_THREE,Three of a Kind,Trójka
HAND_STRAIGHT,Straight,Street
HAND_FLUSH,Flush,Kolor
HAND_FULL_HOUSE,Full House,Full
HAND_FOUR,Four of a Kind,Kareta
HAND_STRAIGHT_FLUSH,Straight Flush,Poker
HAND_FIVE,Five of a Kind,Pięć jednakowych
ENEMY_KULTYSTA,"Page of Pentacles, Rotting Cultist","Paź Pentakli, Gnijący Kultysta"
ARCANUM_SMIERCI,Arcanum of Death,Arkanum Śmierci
COMBAT_PLAY,Play,Zagraj
COMBAT_DISCARD,Discard (%d),Odrzuć (%d)
COMBAT_TURN,Turn %d,Tura %d
COMBAT_HP,%d / %d,%d / %d
COMBAT_BLOCK,Block %d,Blok %d
COMBAT_INTENT,Hits for %d,Uderzy za %d
COMBAT_GNICIE,Rot %d,Gnicie %d
COMBAT_BLOCKED,BLOCKED,ZABLOKOWANO
COMBAT_PREVIEW,%s   %d x %.1f = %d,%s   %d x %.1f = %d
COMBAT_SELECT_HINT,"Select cards, then Play",Zaznacz karty i Zagraj
COMBAT_WON,VICTORY,ZWYCIĘSTWO
COMBAT_LOST,DEFEAT,PORAŻKA
COMBAT_RESTART,Again,Jeszcze raz
LOG_PLAY,%s: %d dmg,%s: %d obr.
LOG_GNICIE,Rot: -%d,Gnicie: -%d
LOG_ATTACK,Enemy hits: -%d,Wróg uderza: -%d
LOG_BLOCK,Block: +%d,Blok: +%d
LOG_HEAL,Heal: +%d,Leczenie: +%d
REGION_01,Region I — Ash,Region I — Popiół
REGION_02,Region II — Embers,Region II — Zgliszcza
REGION_03,Region III — Summit,Region III — Szczyt
REGION_04,The World,Świat
COMPLETE_NEXT,Journey on,Ruszaj dalej
VICTORY_TITLE,THE JOURNEY IS COMPLETE — YOU WIN,PODRÓŻ UKOŃCZONA — WYGRANA
ENEMY_KAPLAN,"Knight of Cups, Ember Priest","Rycerz Kielichów, Kapłan Zgliszcz"
ENEMY_UPIOR,"Knight of Swords, Ember Wraith","Rycerz Mieczy, Upiór Zgliszcz"
ENEMY_RYCERZ,"Knight of Pentacles, Clad in Ash","Rycerz Pentakli, Zakuty w Popiół"
ENEMY_CHIMERA,"Ten of Wands, Cinder Chimera","Dziesiątka Buław, Żużlowa Chimera"
ENEMY_STRAZNIK,"Queen of Cups, Summit Warden","Królowa Kielichów, Strażniczka Szczytu"
ENEMY_WIDMO,"Queen of Swords, Peak Phantom","Królowa Mieczy, Widmo Grani"
ENEMY_TYTAN,"King of Pentacles, Frost Titan","Król Pentakli, Tytan Mrozu"
ENEMY_HERALD,"King of Wands, Herald of the End","Król Buław, Herold Końca"
ARCANUM_DIABLA_BOSS,Pact of the Devil,Pakt Diabła
ARCANUM_KSIEZYCA,Arcanum of the Moon,Arkanum Księżyca
ARCANUM_SWIATA,Arcanum of the World,Arkanum Świata
ENEMY_CIEN,"Page of Swords, Wandering Shade","Paź Mieczy, Zbłąkany Cień"
ENEMY_WIEZA,The Tower,Wieża
ENEMY_DIABEL,The Devil,Diabeł
ENEMY_KSIEZYC,The Moon,Księżyc
ENEMY_SWIAT,The World,Świat
ARCANUM_WIEZA,Arcanum of the Tower,Arkanum Wieży
ARCANUM_SLONCA,Arcanum of the Sun,Arkanum Słońca
ARCANUM_KAPLANKI,Arcanum of the High Priestess,Arkanum Kapłanki
ARCANUM_DIABLA,Arcanum of the Devil,Arkanum Diabła
ARCANUM_CESARZOWEJ,Arcanum of the Empress,Arkanum Cesarzowej
DRAFT_TITLE,Choose your starting Arcanum,Wybierz startowe Arkanum
DRAFT_HINT,The cards are laid out. One power will walk with you.,Karty rozłożone. Jedna moc pójdzie z tobą.
DRAFT_TAKE,Wear it,Przywdziej
FOOL_YOU,The Fool — that is you,Głupiec — to Ty
PAUSE_TITLE,PAUSE,PAUZA
PAUSE_RESUME,Resume,Wznów
PAUSE_OPTIONS,Options,Opcje
PAUSE_ABANDON,Save & exit to menu,Zapisz i wyjdź do menu
PAUSE_QUIT,Quit game,Wyjdź z gry
OVERVIEW_DECK,Deck (%d),Talia (%d)
OVERVIEW_RELICS,Arcana,Arkana
OVERVIEW_LEVELS,Hand levels,Poziomy układów
OVERVIEW_JOURNEY,Journey,Podróż
OVERVIEW_REGION,Region %d/%d — %s,Region %d/%d — %s
OVERVIEW_NODE,Node %d/%d,Węzeł %d/%d
OVERVIEW_STATS,Stats,Statystyki
OVERVIEW_HINT,TAB / ESC closes,TAB / ESC zamyka
INSPECT_CHIPS,Card material: %d chips,Materiał karty: %d chipsów
INSPECT_GROWTH,Grown: +%d chips,Wyrosło: +%d chipsów
INSPECT_CLOSE,Click / ESC closes,Klik / ESC zamyka
MENU_TAGLINE,Every reading comes true.,Każda wróżba się spełnia.
MENU_NEW,New Journey,Nowa Podróż
MENU_CONTINUE,Continue,Kontynuuj
MENU_COLLECTION,Collection,Kolekcja
MENU_OPTIONS,Options,Opcje
MENU_QUIT,Quit,Wyjście
COLLECTION_HINT,Right-click a card to inspect it.,Kliknij kartę prawym przyciskiem aby ją obejrzeć.
COLLECTION_CARDS,Minor Arcana — playable cards,Małe Arkana — karty do gry
COLLECTION_ARCANA,Major Arcana — powers and bosses,Wielkie Arkana — moce i bossowie
META_SOL,Salt: %d,Sól: %d
META_EARNED,Salt earned: +%d (total %d),Zdobyta Sól: +%d (razem %d)
COLLECTION_LOCKED,Locked cards — buy them into the reward pool,Zablokowane karty — wykup je do puli nagród
COLLECTION_UNLOCK,Unlock (%d Salt),Odblokuj (%d Soli)
COLLECTION_STARTER,Starter deck — permanent upgrades,Talia startowa — trwałe ulepszenia
COLLECTION_UPGRADE,Upgrade to %s (%d Salt),Ulepsz do %s (%d Soli)
COLLECTION_MAXED,Fully evolved,W pełni rozwinięta
OMEN_TITLE,Omen,Omen
OMEN_TAKE,Accept,Przyjmij
OMEN_SKIP,Leave it,Zostaw
OMEN_STAR,The Star,Gwiazda
OMEN_STAR_DESC,Hope restores +10 HP.,Nadzieja przywraca +10 HP.
OMEN_WHEEL,Wheel of Fortune,Koło Fortuny
OMEN_WHEEL_DESC,"The Wheel pays +6 ☿ now — but the NEXT duel hits +2 harder on every blow.","Koło płaci +6 ☿ teraz — lecz NASTĘPNY pojedynek bije +2 mocniej każdym ciosem."
OMEN_HANGED,The Hanged Man,Wisielec
OMEN_HANGED_DESC,"Sacrifice: -5 HP, +8 ☿.","Poświęcenie: -5 HP, +8 ☿."
OMEN_JUSTICE,Justice,Sprawiedliwość
OMEN_JUSTICE_DESC,Remove one card from your deck for free.,Usuń jedną kartę z talii za darmo.
OMEN_TEMPERANCE,Temperance,Umiarkowanie
OMEN_TEMPERANCE_DESC,"Balance: +6 HP, +2 ☿.","Równowaga: +6 HP, +2 ☿."
RULE_TOWER,"Tower: block does not protect, heal pool halved","Wieża: blok nie chroni, zapas leczenia o połowę mniejszy"
RULE_DEVIL,Devil: each play costs blood — 2 HP +1 per cycle,Diabeł: każde zagranie kosztuje krew — 2 HP +1 za cykl
RULE_MOON,"Moon: Rot washes away; deal under 60 a round and it mends 15","Księżyc: Gnicie się rozpływa; poniżej 60 obrażeń na rundę zasklepia 15"
RULE_WORLD,The World: every previous rule at once,Świat: wszystkie poprzednie reguły naraz
COMBAT_CLEANSED,cleansed,oczyszczone
LOG_PACT,Pact: -%d,Pakt: -%d
LOG_CLEANSE,The glow cleanses the Rot,Poświata oczyszcza Gnicie
RUN_HP,HP %d/%d,HP %d/%d
RUN_RTEC,%d ☿,%d ☿
RUN_DECK,Deck %d,Talia %d
RUN_RELICS,Arcana %d,Arkana %d
MAP_NODE_FIGHT,Fight %d,Walka %d
MAP_NODE_BOSS,BOSS,BOSS
MAP_GO,Enter,Rusz
MAP_HINT,Enter the duel. HP and Mercury carry between fights.,HP i Rtęć zostają między walkami.
REWARD_TITLE,Reward — draft a card,Nagroda — dobierz kartę
REWARD_TAKE,Take card,Weź kartę
REWARD_SKIP,Skip,Pomiń
VIEW_DECK,Deck,Talia
VIEW_DECK_TITLE,Your deck,Twoja talia
ARCANUM_DESC_MULT,x%s Mult on %s cards,x%s Mult na kartach %s
ARC_FX_MULT,x%s Mult on %s cards,x%s Mult na kartach %s
ARC_FX_DISCARD,+%d discard every turn,+%d odrzut co turę
ARC_FX_BLOCK,+%d Block with every play,+%d Bloku przy każdym zagraniu
ARC_FX_HEAL,+%d HP with every play,+%d HP przy każdym zagraniu
ARC_FX_PACT,"x%s Mult on every hand, but enemy hits hurt +%d more","x%s Mult na każdym układzie, ale ciosy wroga bolą +%d mocniej"
ENEMY_WIEDZMA,"Page of Wands, Ash Witch","Paź Buław, Popielna Wiedźma"
ENEMY_GOLEM,"Ten of Pentacles, Cinder Golem","Dziesiątka Pentakli, Żużlowy Golem"
REWARD_HINT,Pick one card to add to your deck.,Wybierz jedną kartę do talii.
SHOP_TITLE,Shop,Sklep
SHOP_BUY,Buy (%d ☿),Kup (%d ☿)
SHOP_THIN,Remove a card (%d ☿),Usuń kartę (%d ☿)
SHOP_NEXT,Continue,Dalej
SHOP_HINT,Buy or enchant cards; reroll; or remove one to sharpen your deck.,Kupuj lub ulepszaj karty; losuj oferty; albo usuń jedną by wyostrzyć talię.
SHOP_ENCHANT,Enchant (%d ☿):,Ulepsz (%d ☿):
SHOP_REROLL,Reroll (%d ☿),Losuj (%d ☿)
ED_FOIL,Foil,Foil
ED_HOLO,Holo,Holo
ED_POLYCHROME,Polychrome,Polichrom
ED_FOIL_DESC,+15 chips,+15 chipsów
ED_HOLO_DESC,+2 Mult,+2 Mult
ED_POLYCHROME_DESC,x1.3 Mult,x1.3 Mult
PICK_ENCHANT,Pick a card to enchant,Wybierz kartę do ulepszenia
PICK_REMOVE,Pick a card to remove,Wybierz kartę do usunięcia
COMPLETE_TITLE,REGION CLEARED,REGION ZALICZONY
COMPLETE_RELIC,Claimed Arcanum: %s,Zdobyte Arkanum: %s
COMPLETE_HINT,You beat the Tower and now wear its power.,Pokonałeś Wieżę i przywdziałeś jej moc.
COMPLETE_NEW,New run,Nowy run
RUN_SUMMARY,Fights won: %d,Wygrane walki: %d
DEFEAT_TITLE,DEFEAT,PORAŻKA
DEFEAT_NEW,New run,Nowy run
REST_HEALED,Rested: +%d HP,Odpoczynek: +%d HP
ECON_THRIFT,Thrift: +%d ☿ (unused discards),Oszczędność: +%d ☿ (niewykorzystane odrzuty)
ECON_INTEREST,Interest: +%d ☿,Odsetki: +%d ☿
COMBAT_TAG_BLOCK,+%d Block,+%d Blok
COMBAT_TAG_HEAL,+%d HP,+%d HP
COMBAT_TAG_GNICIE,Rot %d,Gnicie %d
COMBAT_PILES,Deck %d  Grave %d,Talia %d  Grób %d
COMBAT_HELP,Select cards of one poker hand and Play. Discard to swap your hand.,Zaznacz karty jednego układu i Zagraj. Odrzuć by wymienić rękę.
KWD_OSLONA,Adds block; absorbs the enemy's next hit.,Daje blok; pochłania następne uderzenie wroga.
KWD_OPATRZNOSC,Heals your HP.,Leczy twoje HP.
KWD_GNICIE,Enemy loses HP at the start of each of its turns.,Wróg traci HP na początku każdej swojej tury.
KWD_ZNIWO,+Mult for each card in the grave.,+Mult za każdą kartę w grobie.
KWD_FURIA,x1.5 Mult if you add no block this play.,x1.5 Mult jeśli nie dodasz bloku w tym zagraniu.
KWD_SPALENIE,Flat damage on top of the score.,Obrażenia wprost ponad wynik.
KWD_ECHO,+Chips for each play made this fight.,+Chips za każde zagranie w tej walce.
KWD_BUJNOSC,Bonus Chips when 3+ cards share an Aspect.,Bonus Chips gdy 3+ karty jednej barwy.
KWD_WZROST,Gains +X chips each turn it waits in hand (keeps it for the run).,Zyskuje +X chipsów co turę w ręce (zostaje na cały run).
KWD_SYMBIOZA,+X chips for every allied-colour card in the play.,+X chipsów za każdą kartę sojuszniczej barwy w zagraniu.
KWD_PIJAWKA,Heals you for X% of the damage dealt.,Leczy Cię o X% zadanych obrażeń.
KWD_KLATWA,The enemy takes +X% damage from your NEXT plays (stacks).,Wróg dostaje +X% obrażeń z KOLEJNYCH zagrań (kumuluje się).
COMBAT_KLATWA,Curse +%d%%,Klątwa +%d%%
SHOP_STAR,Star: %s Lv%d → Lv%d,Gwiazda: %s Lv%d → Lv%d
SHOP_STAR_BUY,Level up (%d ☿),Podnieś (%d ☿)
ENEMY_ELITE_R1,"Queen of Pentacles, Barren Regent","Królowa Pentakli, Jałowa Regentka"
ENEMY_ELITE_R2,"Queen of Wands, Pyre Queen","Królowa Buław, Pani Stosu"
ENEMY_ELITE_R3,"King of Swords, Cold Verdict","Król Mieczy, Zimny Wyrok"
ELITE_NAME_FMT,%s — Reversed,%s — Odwrócenie
MAP_ELITE,Elite: %s,Elita: %s
MAP_ELITE_TIP,"A harder duel, richer spoils: better card offers after the fight.","Trudniejszy pojedynek, lepszy łup: bogatsze oferty kart po walce."
ELITE_LOOT,The elite's hoard: rarer cards in this offer.,Skarbiec elity: rzadsze karty w tej ofercie.
COMBAT_INTENT_NEXT,Next: %d,Potem: %d
COMBAT_HEAL_BUDGET,Heal pool %d/%d,Zapas leczenia %d/%d
COMBAT_HEAL_CAPPED,heal capped,limit leczenia
COMBAT_TAG_HEAL_CAP,(heal clipped by the pool),(leczenie przycięte przez zapas)
LOG_HEAL_CAPPED,Heal capped: +%d (of +%d),Limit leczenia: +%d (z +%d)
LOG_MOON_MEND,The Moon mends itself: +%d,Księżyc się zasklepia: +%d
KW_PRZECIAZENIE,Overload,Przeciążenie
KWD_PRZECIAZENIE,"x2 Mult. Cracks each time it is played; shatters and is lost at 0 (counter on the card).","x2 Mult. Pęka przy każdym zagraniu; przy 0 rozpada się i znika (licznik na karcie)."
KW_LAWINA,Avalanche,Lawina
KWD_LAWINA,Card chips score again once per Chaos card in the play (max 3).,Chipsy kart liczone ponownie za każdą kartę Chaosu w zagraniu (maks. 3).
KW_KOMBINAT,Combine,Kombinat
KWD_KOMBINAT,xMult grows for each consecutive play of the same hand type (caps at 4).,xMult rośnie za każde kolejne zagranie tego samego układu (maks. 4).
HAND_MAGNUM_OPUS,Magnum Opus,Magnum Opus
PREVIEW_SHATTER,A card will shatter!,Karta się rozpadnie!
PREVIEW_LETHAL,LETHAL,ŚMIERTELNE
PREVIEW_OVERKILL,+%d ☿ overkill,+%d ☿ za nadmiar
REWARD_OVERKILL,Overkill: +%d ☿,Nadmiar obrażeń: +%d ☿
REWARD_TAX,Reversed tax: -%d ☿,Danina odwróconych: -%d ☿
ARCANUM_MAGA,The Magician,Mag
ARCANUM_CESARZA,The Emperor,Cesarz
ARCANUM_RYDWANU,The Chariot,Rydwan
ARCANUM_SILY,Strength,Siła
ARCANUM_PUSTELNIKA,The Hermit,Pustelnik
ARC_FX_MAGNIFY,x%s Mult; other Arcana's xMult bonuses are doubled,x%s Mult; premie xMult innych Arkanów są podwojone
ARC_FX_MAGNIFY_REV,x%s Mult; other Arcana's xMult bonuses are tripled,x%s Mult; premie xMult innych Arkanów są potrojone
ARC_REVERSED_TAG,(Reversed) ,(Odwrócone) 
ARC_PRICE_MAXHP,Price: -%d max HP,Cena: -%d maks. HP
ARC_PRICE_TAX,Price: -%d ☿ after every fight,Cena: -%d ☿ po każdej walce
ARC_PRICE_CURSE,Price: enemy hits hurt +%d more,Cena: ciosy wroga bolą o +%d mocniej
BOSSREW_TITLE,Claim the Arcanum,Weź Arkanum
BOSSREW_HINT,"Upright is safe. Reversed is stronger — and it collects.","Proste jest bezpieczne. Odwrócone jest silniejsze — i zbiera swoją cenę."
BOSSREW_UPRIGHT,Upright,Proste
BOSSREW_REVERSED,Reversed,Odwrócone
CLAIM_TAKE,Claim,Zabierz
ARCANUM_SMIERCI_BLURB,"Aggro: stack Death, hit big.","Agresja: stakuj Śmierć, bij mocno."
ARCANUM_SLONCA_BLURB,Sustain: every play heals you.,Przetrwanie: każde zagranie leczy.
ARCANUM_KAPLANKI_BLURB,"Control: more discards, better hands.","Kontrola: więcej odrzutów, lepsze układy."
ARCANUM_DIABLA_BLURB,"Greed: power now, blood later.","Chciwość: moc teraz, krew później."
ARCANUM_CESARZOWEJ_BLURB,Defense: every play builds block.,Obrona: każde zagranie daje blok.
ARCANUM_MAGA_BLURB,Scaling: other Arcana hit harder.,Skalowanie: inne Arkana biją mocniej.
ARCANUM_SILY_BLURB,Aggro: Life hands hit harder.,Agresja: układy Życia biją mocniej.
ARCANUM_PUSTELNIKA_BLURB,Control: two extra discards.,Kontrola: dwa dodatkowe odrzuty.
DRAFT_CONTEXT,Your Arcanum is a permanent passive for the entire run.,Arkanum to stały pasyw na cały run.
MENU_TITLE,THE CARDS DO NOT LIE,KARTY NIE KŁAMIĄ
SPREAD_WIN,THE CARDS DID NOT LIE,KARTY NIE SKŁAMAŁY
SPREAD_LOSS,DEATH TURNS THE FINAL CARD,ŚMIERĆ ODWRACA OSTATNIĄ KARTĘ
SPREAD_ARCANA,Arcana carried,Niesione Arkana
SPREAD_HIT_TITLE,Greatest blow,Największy cios
SPREAD_HIT_FOE,struck %s,poraził: %s
SPREAD_BEST_HAND,Best hand: %s Lv%d,Najlepszy układ: %s Lv%d
SPREAD_REGIONS,Regions cleared: %d/%d,Regiony zaliczone: %d/%d
SPREAD_FIGHTS,Fights won: %d,Wygrane walki: %d
SPREAD_DAMAGE,Damage dealt: %d,Zadane obrażenia: %d
SPREAD_TURNS,Turns played: %d,Rozegrane tury: %d
SPREAD_SALT,Salt earned: +%d,Zdobyta Sól: +%d
SPREAD_SEED,Fate %s,Los %s
SPREAD_SEED_HINT,click to copy,kliknij by skopiować
SPREAD_SEED_COPIED,copied,skopiowano
SPREAD_NEW,New fate,Nowy los
SPREAD_REPEAT,Repeat this fate,Powtórz ten los
SPREAD_MENU,Menu,Menu
NEWRUN_TITLE,Prepare the spread,Przygotuj rozkład
NEWRUN_DECK,Starter deck,Talia startowa
NEWRUN_VEIL,Veil,Zasłona
NEWRUN_VEIL_HINT,Higher Veils harden the journey.,Wyższe Zasłony utrudniają podróż.
NEWRUN_BEGIN,Begin the journey,Rozpocznij podróż
VEIL_BADGE,Veil %d,Zasłona %d
VEIL_BEST,Best Veil: %d,Najwyższa Zasłona: %d
VEIL_0,No Veil — the plain road,Bez Zasłony — zwykła droga
VEIL_1,Veil I — Thin Thread,Zasłona I — Cienka Nić
VEIL_2,Veil II — Hungry Road,Zasłona II — Głodna Droga
VEIL_3,Veil III — Impatient Cards,Zasłona III — Niecierpliwe Karty
VEIL_4,Veil IV — Greedy Market,Zasłona IV — Chciwy Targ
VEIL_5,Veil V — True Night,Zasłona V — Prawdziwa Noc
VEIL_1_DESC,Max HP 55 -> 48,Maks. HP 55 -> 48
VEIL_2_DESC,"Rest heals 5, the road restores 25% of missing HP","Odpoczynek leczy 5, droga zwraca 25% brakującego HP"
VEIL_3_DESC,Enemies enrage faster (+1 per turn past the first cycle),Wrogowie szaleją szybciej (+1 na turę po pierwszym cyklu)
VEIL_4_DESC,"Shop prices +2, fight rewards -1","Ceny w sklepie +2, nagrody za walki -1"
VEIL_5_DESC,"Boss HP +15%, heal pool 10","HP bossów +15%, zapas leczenia 10"
COLLECTION_DECKS,Starter decks,Talie startowe
COLLECTION_DECK_BUY,Unlock (%d Salt),Odblokuj (%d Soli)
COLLECTION_DECK_OWNED,Owned,Posiadana
COLLECTION_ARC_BUY,Add to boss offers (%d Salt),Dodaj do ofert bossów (%d Soli)
COLLECTION_ARC_OWNED,In the boss pool,W puli bossów
COLLECTION_ARC_ACH,Unlocked by: %s,Odblokowywane przez: %s
COLLECTION_ED_GATE,Requires Veil %d beaten,Wymaga pokonania Zasłony %d
COLLECTION_ACH,Achievements,Osiągnięcia
ACH_DONE,Fulfilled,Spełnione
ACH_UNDONE,Not yet,Jeszcze nie
ACH_REWARD,Reward: %s,Nagroda: %s
ACH_UNLOCKED,Achievement fulfilled: %s,Osiągnięcie spełnione: %s
ACH_DEATH_FLUSH,Death's Hand,Ręka Śmierci
ACH_DEATH_FLUSH_DESC,Finish a foe with a pure Death flush.,Dobij wroga czystym kolorem Śmierci.
ACH_DEATH_FLUSH_REWARD,Omen: The Lovers,Omen: Kochankowie
ACH_UNTOUCHED,Untouched,Nietknięty
ACH_UNTOUCHED_DESC,Win a fight without losing a single HP.,Wygraj walkę nie tracąc ani punktu HP.
ACH_UNTOUCHED_REWARD,Arcanum of Strength joins the opening draft.,Arkanum Siły dołącza do startowego draftu.
ACH_OVERKILL,Overkill,Przesada
ACH_OVERKILL_DESC,Deal 300 or more damage in a single play.,Zadaj 300 lub więcej obrażeń jednym zagraniem.
ACH_OVERKILL_REWARD,The Hermit joins the opening draft.,Pustelnik dołącza do startowego draftu.
ACH_MISER,Alchemist's Hoard,Skarbiec Alchemika
ACH_MISER_DESC,Hold 25 ☿ at once (full interest).,Miej naraz 25 ☿ (pełne odsetki).
ACH_MISER_REWARD,Omen: The Sun,Omen: Słońce
ACH_JOURNEY,The Fool's Circle,Krąg Głupca
ACH_JOURNEY_DESC,Complete the Journey — defeat The World.,Ukończ Podróż — pokonaj Świat.
ACH_JOURNEY_REWARD,Starter deck: Oracle's Gambit,Talia startowa: Gambit Wyroczni
DECK_CLASSIC,The Fool's Deck,Talia Głupca
DECK_CLASSIC_DESC,"Balanced five-Aspect start; Death leans, all roads open.","Zbalansowany start pięciu Aspektów; Śmierć wiedzie, wszystkie drogi otwarte."
DECK_REAPER,Reaper's Deal,Pakt Żniwiarza
DECK_REAPER_DESC,"Death and Chaos: rot, harvest and burst.","Śmierć i Chaos: gnicie, żniwo i burst."
DECK_GARDENER,Gardener's Path,Ścieżka Ogrodnika
DECK_GARDENER_DESC,"Nature and Life: growth, block and sustain.","Natura i Życie: wzrost, blok i przetrwanie."
DECK_ORACLE,Oracle's Gambit,Gambit Wyroczni
DECK_ORACLE_DESC,Mind and Chaos: Echo scaling and fury.,Umysł i Chaos: skalowanie Echa i furia.
OMEN_LOVERS,The Lovers,Kochankowie
OMEN_LOVERS_DESC,Twin one card: add a copy of a chosen deck card.,Bliźniactwo: dodaj kopię wybranej karty z talii.
OMEN_SUN,The Sun,Słońce
OMEN_SUN_DESC,Warmth restores +12 HP.,Ciepło przywraca +12 HP.
PICK_TWIN,Pick a card to TWIN,Wybierz kartę do ZDWOJENIA
ARCANUM_CESARZA_BLURB,Defense: every play builds block.,Obrona: każde zagranie daje blok.
ARCANUM_RYDWANU_BLURB,Aggro: Mind hands hit harder.,Agresja: układy Umysłu biją mocniej.
LOG_DECK_ASHES,The deck burned itself to ash.,Talia spłonęła na popiół.
MENU_CHARACTER,Tarot Reader,Tarocista
CHAR_TITLE,THE TAROT READER,TAROCISTA
CHAR_LEVEL,Level %d,Poziom %d
CHAR_XP,%d / %d XP,%d / %d PD
CHAR_STATS,The Ledger of Readings,Księga Odczytań
XP_GAINED,Experience: +%d,Doświadczenie: +%d
XP_LEVEL_UP,LEVEL %d — %s!,POZIOM %d — %s!
TAROT_RANK_1,Fairground Fortune-Teller,Wróżbita Jarmarczny
TAROT_RANK_2,Student of the Cards,Uczeń Kart
TAROT_RANK_3,Reader of Fates,Czytacz Losów
TAROT_RANK_4,Tarot Reader,Tarocista
TAROT_RANK_5,Master of Spreads,Mistrz Rozkładów
TAROT_RANK_6,Chosen of the Arcana,Wybraniec Arkanów
TAROT_RANK_7,Voice of Fate,Głos Fatum
TAROT_RANK_8,Arch-Tarocist,Arcytarocista
LIFE_RUNS,Journeys begun,Rozpoczęte podróże
LIFE_WINS,Journeys completed,Ukończone podróże
LIFE_DEATHS,Deaths,Śmierci
LIFE_FIGHTS,Duels won,Wygrane pojedynki
LIFE_ELITES,Elites felled,Powalone elity
LIFE_BOSSES,Arcana defeated,Pokonane Arkana
LIFE_DAMAGE,Total damage dealt,Łączne zadane obrażenia
LIFE_BEST_HIT,Greatest single blow,Największy pojedynczy cios
LIFE_TURNS,Turns played,Rozegrane tury
LIFE_SOL_EARNED,Salt earned,Zdobyta Sól
LIFE_ARCANA,Arcana carried,Niesione Arkana
LIFE_REVERSED,Reversed pacts taken,Przyjęte odwrócone pakty
PROPHECY_TITLE,THE PROPHECY,PRZEPOWIEDNIA
PROPHECY_FULFILLED,As written.,Jak zapisano.
COVENANT_LINE_1,The reading is exact. The cards do not lie — this outcome WILL happen.,Wróżba jest dokładna. Karty nie kłamią — ten wynik SIĘ STANIE.
COVENANT_LINE_2,A foretold death always arrives.,Zapowiedziana śmierć zawsze przychodzi.
MAGNUM_REVEAL_SUB,The Great Work is done.,Wielkie Dzieło dokonane.
SPREAD_DEATH,Doom: %s — turn %d (%s),Zguba: %s — tura %d (%s)
SPREAD_CAUSE_ATTACK,the blow broke through,cios przebił obronę
SPREAD_CAUSE_PACT,the blood pact collected,pakt krwi zebrał zapłatę
SPREAD_CAUSE_ASHES,the deck burned to ash,talia spłonęła na popiół
SPREAD_GOAL,Next goal: %s (%d/%d Salt),Najbliższy cel: %s (%d/%d Soli)
SHARE_FATE,"The Cards Do Not Lie — Fate %s, Veil %d","The Cards Do Not Lie — Fate %s, Veil %d"
PURE_BADGE,Pure Reading,Czyste Odczytanie
DAILY_BADGE,Daily Fate %s,Dzienny Los %s
MENU_DAILY,Daily Fate — %s,Dzienny Los — %s
MENU_DAILY_TIP,"One shared fate per day, the same for every reader (Pure Reading, classic deck).","Jeden wspólny los dziennie, ten sam dla każdego czytającego (Czyste Odczytanie, klasyczna talia)."
NEWRUN_SEED,Fate code (optional),Kod losu (opcjonalnie)
NEWRUN_SEED_HINT,"A pasted fate plays as a Pure Reading: classic deck, base pools — identical for everyone.","Wklejony los gra się jako Czyste Odczytanie: klasyczna talia, bazowe pule — identycznie u każdego."
SETTINGS_REDUCE_MOTION,Reduce motion (no shake/hitstop),Ogranicz ruch (bez wstrząsów/zamrożeń)
SETTINGS_DISABLE_FLASH,Disable screen flashes,Wyłącz błyski ekranu
SETTINGS_STREAMER,Streamer mode (fate code on screen),Tryb streamera (kod losu na ekranie)
SETTINGS_FAST_PACE,Fast pace (short enemy beats),Szybkie tempo (krótkie pauzy wroga)
ENEMY_RYDWAN,The Chariot,Rydwan
ENEMY_SILA,Strength,Siła
ENEMY_WISIELEC,The Hanged Man,Wisielec
ENEMY_SPRAWIEDLIWOSC,Justice,Sprawiedliwość
ENEMY_SAD,Judgement,Sąd
ENEMY_GWIAZDA,The Star,Gwiazda
RULE_CHARIOT,Chariot: his attack lands TWICE — block absorbs only the first strike,Rydwan: atak spada DWA razy — blok chroni tylko przed pierwszym
RULE_STRENGTH,Strength: suppresses burst — takes 20% less from every play,Siła: tłumi burst — otrzymuje 20% mniej z każdego zagrania
RULE_HANGED,The Hanged Man: suspension — your discards are capped at 1 per turn,Wisielec: zawieszenie — odrzuty ograniczone do 1 na turę
RULE_JUSTICE,"Justice: a play of 40+ damage draws an exact riposte (dmg/40, max 8)","Sprawiedliwość: zagranie za 40+ ściąga dokładną ripostę (obr/40, maks 8)"
RULE_JUDGEMENT,Judgement: the deck is judged — each played card of rank 3 or less costs 1 HP,Sąd: talia osądzona — każda zagrana karta rangi 3 lub niższej kosztuje 1 HP
RULE_STAR,Star: hope — heals +12 at the start of every enemy turn,Gwiazda: nadzieja — leczy się +12 na początku każdej swojej tury
ARCANUM_WISIELCA,The Hanged Man,Arkanum Wisielca
ARCANUM_SPRAWIEDLIWOSCI,Justice,Arkanum Sprawiedliwości
ARCANUM_SADU,Judgement,Arkanum Sądu
ARCANUM_GWIAZDY,The Star,Arkanum Gwiazdy
GATE_TITLE,THE WORLD HAS FALLEN,ŚWIAT PADŁ
GATE_HINT,"End the reading — or walk BEYOND: Depth %d (foes +50%% HP, harder blows).","Zakończ odczytanie — albo idź DALEJ: Głębia %d (wrogowie +50%% HP, cięższe ciosy)."
GATE_END,End the reading,Zakończ odczytanie
GATE_BEYOND,Beyond — Depth %d,Dalej — Głębia %d
SPREAD_DEPTH,Depth beyond the World: %d,Głębia za Światem: %d
KW_KORZENIE,Roots,Korzenie
KWD_KORZENIE,Block that roots: +2 block for every turn this card waited in hand.,Blok który się korzeni: +2 bloku za każdą turę czekania tej karty w ręce.
PREVIEW_RIPOSTE,Riposte: -%d HP,Riposta: -%d HP
PREVIEW_FRAIL,Judged: -%d HP,Osąd: -%d HP
LOG_RIPOSTE,Justice ripostes: -%d,Sprawiedliwość odpowiada: -%d
LOG_FRAIL,The deck is judged: -%d,Talia osądzona: -%d
LOG_STAR_REGEN,The Star mends: +%d,Gwiazda się leczy: +%d
ACH_MAGNUM,Magnum Opus,Magnum Opus
ACH_MAGNUM_DESC,Assemble the secret hand: five of a kind in one Aspect.,Złóż sekretny układ: pięć jednakowych w jednym Aspekcie.
ACH_REVERSED,Profaned,Profanacja
ACH_REVERSED_DESC,Claim a REVERSED Arcanum and pay its price.,Weź ODWRÓCONE Arkanum i zapłać jego cenę.
ACH_ELITE,Regicide,Królobójstwo
ACH_ELITE_DESC,Fell a reversed court elite.,Powal odwróconą elitę dworu.
ACH_TITAN,Titanbreaker,Pogromca Tytanów
ACH_TITAN_DESC,Deal 1000 or more damage in a single play.,Zadaj 1000 lub więcej obrażeń jednym zagraniem.
ACH_DAILY,Reader of the Day,Czytający Dzień
ACH_DAILY_DESC,Win a Daily Fate.,Wygraj Dzienny Los.
ACH_BEYOND,Beyond the World,Za Światem
ACH_BEYOND_DESC,Walk through the gate after felling The World.,Przejdź przez bramę po powaleniu Świata.
ACH_DEPTH2,Deep Reader,Czytający Głębię
ACH_DEPTH2_DESC,Reach Depth 2 beyond the World.,Osiągnij Głębię 2 za Światem.
ACH_VEIL_1,Veil I Torn,Zasłona I Zerwana
ACH_VEIL_1_DESC,Win the Journey at Veil I.,Wygraj Podróż na Zasłonie I.
ACH_VEIL_2,Veil II Torn,Zasłona II Zerwana
ACH_VEIL_2_DESC,Win the Journey at Veil II.,Wygraj Podróż na Zasłonie II.
ACH_VEIL_3,Veil III Torn,Zasłona III Zerwana
ACH_VEIL_3_DESC,Win the Journey at Veil III.,Wygraj Podróż na Zasłonie III.
ACH_VEIL_4,Veil IV Torn,Zasłona IV Zerwana
ACH_VEIL_4_DESC,Win the Journey at Veil IV.,Wygraj Podróż na Zasłonie IV.
ACH_VEIL_5,True Night Torn,Prawdziwa Noc Zerwana
ACH_VEIL_5_DESC,Win the Journey at Veil V.,Wygraj Podróż na Zasłonie V.
ACH_WIN_REAPER,Reaper's Due,Zapłata Żniwiarza
ACH_WIN_REAPER_DESC,Win the Journey with Reaper's Deal.,Wygraj Podróż Paktem Żniwiarza.
ACH_WIN_GARDENER,Gardener's Harvest,Zbiory Ogrodnika
ACH_WIN_GARDENER_DESC,Win the Journey with Gardener's Path.,Wygraj Podróż Ścieżką Ogrodnika.
ACH_WIN_ORACLE,Oracle's Proof,Dowód Wyroczni
ACH_WIN_ORACLE_DESC,Win the Journey with Oracle's Gambit.,Wygraj Podróż Gambitem Wyroczni.
ACH_LEVEL10,Seasoned Reader,Wprawiony Tarocista
ACH_LEVEL10_DESC,Reach Tarocista level 10.,Osiągnij 10. poziom Tarocisty.
ENEMY_NOWICJUSZ,"Page of Cups, Pale Novice","Paź Kielichów, Blady Nowicjusz"
ENEMY_PRZEBITY,"Ten of Swords, the Pierced","Dziesiątka Mieczy, Przebity"
OMEN_GIFT,Accept the gift,Przyjmij dar
ELITE_INLINE,"Elite: %d HP, fury +%d — loot of higher rarity","Elita: %d HP, szał +%d — łup wyższej rzadkości"
MAP_STEP_LOOT,-> card + shop,-> karta + sklep
MAP_STEP_BOSS,field rule — hover,reguła pola — najedź
ED_SUMMARY,Foil +15 chips · Holo +2 Mult · Polychrome x1.3 Mult,Foliowana +15 chipsów · Holo +2 Mult · Polichromia x1.3 Mult
COCKPIT_ENEMY,Foe: %d -> %d,Wróg: %d -> %d
COCKPIT_YOU,Hit %d − block %d -> You %d -> %d,Cios %d − blok %d -> Ty %d -> %d
REST_TELEGRAPH,NEXT: THE FOE RESTS — strike now!,POTEM: WRÓG ODPOCZYWA — uderz teraz!
WINDUP_TELEGRAPH,Next: %d — winding up!,Potem: %d — zamierza się!
ENRAGE_TAG,fury: +%d per turn,szał: +%d na turę
COVENANT_LINE_3,Delay feeds the fury — past the first cycle every turn adds strength.,Zwłoka karmi szał — po pierwszym cyklu każda tura dodaje siły.
TIP_DISCARDS,Discards renew every turn — trade freely.,Odrzuty odnawiają się co turę — wymieniaj śmiało.
TIP_DECK_ORDER,The deck returns in PLAYED order — never shuffled. Count your cards.,Talia wraca w ZAGRANEJ kolejności — bez tasowania. Licz swoje karty.
HEAL_POOL_TIP,"Shared healing limit for THIS fight (cards + relics + leech). Tower and World halve it.","Wspólny limit leczenia na TĘ walkę (karty + relikty + pijawka). Wieża i Świat go połowią."
DECK_TIP,"Draw pile / grave. The grave returns to the deck in played order — no shuffle.","Talia / grób. Grób wraca do talii w zagranej kolejności — bez tasowania."
NEXT_DRAWS,Next:,Następne:
PAYTABLE_TITLE,Hands,Układy
PAYTABLE_TOGGLE,Hands,Układy
COMBAT_PLAY_N,Play (%d),Zagraj (%d)
COURT_LEGEND,P=Page R=Knight Q=Queen K=King,P=Paź R=Rycerz Q=Królowa K=Król
INSPECT_ALLIES,Allies: %s and %s,Sojusznicy: %s i %s
ACH_FIRST_WIN,First Blood,Pierwsza Krew
ACH_FIRST_WIN_DESC,Win your first duel.,Wygraj swój pierwszy pojedynek.
ACH_FIRST_SHOP,First Purchase,Pierwszy Zakup
ACH_FIRST_SHOP_DESC,Spend Mercury in the shop.,Wydaj Rtęć w sklepie.
ACH_FIRST_FLUSH,First Flush,Pierwszy Kolor
ACH_FIRST_FLUSH_DESC,Score a flush-family hand.,Zagraj układ z rodziny Koloru.
ACH_FIRST_STAR,First Star,Pierwsza Gwiazda
ACH_FIRST_STAR_DESC,Level a poker hand with a Star.,Ulepsz układ pokerowy Gwiazdą.
ACH_FIRST_OMEN,First Omen,Pierwszy Omen
ACH_FIRST_OMEN_DESC,Accept an omen on the road.,Przyjmij omen na drodze.
COLLECTION_ACH_HINT,Every fulfilled achievement pays +10 Salt.,Każde spełnione osiągnięcie płaci +10 Soli.
RUN_RTEC_NAMED,%d ☿ Mercury,%d ☿ Rtęć
SCORE_RUNNING,%d chips  x  %s mult,%d chipsów  x  %s mult
SCORE_PRODUCT,%d  x  %s  =  %d,%d  x  %s  =  %d
SORT_DEALT,Order: dealt,Układ: dobrane
SORT_RANK,Order: rank,Układ: rangi
SORT_ASPECT,Order: colour,Układ: kolory
SORT_TIP,"Reorder the hand on screen. The deck order never changes.","Przestawia karty na ekranie. Kolejność talii się nie zmienia."
HAND_BEST_AVAILABLE,In hand: %s,W ręce: %s
